# Project Name : PGx_test_30_07_2019,,,,,,,,,,,,,,,,,,,,,,,,
# Project Description : ,,,,,,,,,,,,,,,,,,,,,,,,
# Exported By : chiara.magri@unibs.it,,,,,,,,,,,,,,,,,,,,,,,,
# Export Date : 2019-07-30 03:22:52 PM,,,,,,,,,,,,,,,,,,,,,,,,
# Analysis Group Name : Default Analysis Group,,,,,,,,,,,,,,,,,,,,,,,,
# Call Settings : Real-time Rn Data,,,,,,,,,,,,,,,,,,,,,,,,
# Block Type : OpenArray,,,,,,,,,,,,,,,,,,,,,,,,
# Instrument Type : QuantStudio 12K Flex Real-Time PCR System,,,,,,,,,,,,,,,,,,,,,,,,
# Number of Experiments : 1,,,,,,,,,,,,,,,,,,,,,,,,
# Software Version Number : 2019.1.8-Q1-19-build3,,,,,,,,,,,,,,,,,,,,,,,,
# Creation Date : 2019-07-30 10:18:13 AM,,,,,,,,,,,,,,,,,,,,,,,,
# Created By : chiara.magri@unibs.it,,,,,,,,,,,,,,,,,,,,,,,,
# Last Modified Date : 2019-07-30 10:18:14 AM,,,,,,,,,,,,,,,,,,,,,,,,
# Last Modified By : chiara.magri@unibs.it,,,,,,,,,,,,,,,,,,,,,,,,
,,,,,,,,,,,,,,,,,,,,,,,,
Sample/Assay,C__30634128_10,C____469857_10,C__25986767_70,C__27861809_10,C__30634136_10,C__27861810_10,C__27531918_10,C__30634127_10,C__30634130_30,C__25745302_30,C__27102425_10,C__27102414_10,C__27531552_A0,C_30634117D_M0,C___2222771_A0,C__34816113_20,C__32407232_50,C__11484460_40,C__34816116_20,C__27102431_D0,C__32407243_20,C__32388575_A0,C_30634117C_K0,C__32407229_60
EV24H4C,C/C,C/T,A/G,G/G,A/A,C/C,G/G,T/T,T/T,G/G,A/A,C/G,C/C,C/C,G/G,C/C,T/T,A/G,C/T,C/C,A/A,T/T,C/C,CTT/CTT
NG24HRT,C/C,NOAMP,NOAMP,G/G,A/A,C/C,G/G,T/T,T/T,G/G,G/G,G/G,C/C,C/C,G/G,C/C,T/T,A/A,C/C,C/T,A/A,T/T,C/C,CTT/CTT
EV48H4C,NOAMP,NOAMP,NOAMP,NOAMP,NOAMP,NOAMP,NOAMP,NOAMP,NOAMP,NOAMP,NOAMP,NOAMP,NOAMP,NOAMP,NOAMP,NOAMP,NOAMP,NOAMP,NOAMP,NOAMP,NOAMP,NOAMP,NOAMP,NOAMP
EMADNA,C/C,C/C,G/G,G/G,A/A,C/C,G/G,T/T,T/T,G/G,A/G,G/G,C/C,C/C,G/G,C/C,T/T,A/G,C/T,C/C,NOAMP,T/T,C/C,CTT/CTT
NGADNA1,C/C,C/T,G/G,G/G,A/A,C/C,G/G,T/T,T/T,G/G,G/G,G/G,C/C,C/C,G/G,C/C,T/T,A/A,C/C,C/T,A/A,T/T,C/C,CTT/CTT
CM21519,C/C,T/T,G/G,G/G,A/A,C/C,G/G,T/T,T/T,G/G,A/A,C/G,C/C,C/C,G/G,C/C,T/T,A/A,C/C,C/T,A/A,T/T,C/C,CTT/CTT
1366DBVR,C/C,C/T,G/G,G/G,A/A,C/C,G/G,T/T,T/T,G/G,A/A,C/G,C/C,C/C,G/G,C/C,T/T,A/G,C/C,C/C,A/A,T/T,C/C,CTT/CTT
NGBDNA1b,C/C,C/T,G/G,G/G,A/A,C/C,G/G,T/T,T/T,G/G,G/G,G/G,C/C,C/C,G/G,C/C,T/T,A/A,C/C,C/T,A/A,T/T,C/C,CTT/CTT
NGBDNA3,C/C,C/T,G/G,G/G,A/A,C/C,G/G,T/T,T/T,G/G,G/G,G/G,C/C,C/C,G/G,C/C,T/T,A/A,C/C,C/T,A/A,T/T,C/C,CTT/CTT
EV4,C/C,C/T,A/G,G/G,A/A,C/C,G/G,T/T,T/T,G/G,A/A,C/G,C/C,C/C,G/G,C/C,T/T,A/G,C/T,C/C,A/A,T/T,C/C,CTT/CTT
EV4H4C,C/C,C/T,A/G,G/G,A/A,C/C,G/G,T/T,T/T,G/G,A/A,C/G,C/C,C/C,G/G,C/C,T/T,A/G,C/T,C/C,A/A,T/T,C/C,CTT/CTT
NG4HRT,C/C,C/T,G/G,G/G,A/A,C/C,G/G,T/T,T/T,G/G,G/G,G/G,C/C,C/C,G/G,C/C,T/T,A/A,C/C,C/T,A/A,T/T,C/C,CTT/CTT
EV24H4C,C/C,C/T,A/G,G/G,A/A,C/C,G/G,T/T,T/T,G/G,A/A,C/G,C/C,C/C,G/G,C/C,T/T,A/G,C/T,C/C,A/A,T/T,C/C,CTT/CTT
NG24HRT,C/C,NOAMP,G/G,G/G,A/A,C/C,G/G,T/T,T/T,G/G,G/G,G/G,C/C,C/C,G/G,C/C,T/T,A/A,C/C,C/T,A/A,T/T,C/C,CTT/CTT
EV48H4C,C/C,C/T,A/G,G/G,A/A,C/C,G/G,T/T,T/T,G/G,A/A,C/G,C/C,C/C,G/G,C/C,T/T,A/G,C/T,C/C,A/A,T/T,C/C,CTT/CTT
EMADNA,NOAMP,NOAMP,NOAMP,NOAMP,A/A,NOAMP,NOAMP,NOAMP,T/T,G/G,A/G,NOAMP,NOAMP,C/C,NOAMP,NOAMP,T/T,NOAMP,C/T,NOAMP,A/A,T/T,C/C,NOAMP
NGADNA1,C/C,C/T,G/G,G/G,A/A,C/C,G/G,T/T,T/T,G/G,G/G,G/G,C/C,C/C,G/G,C/C,T/T,A/A,C/C,C/T,A/A,T/T,C/C,CTT/CTT
CM21519,C/C,T/T,G/G,G/G,A/A,C/C,G/G,T/T,T/T,G/G,A/A,C/G,C/C,C/C,G/G,C/C,T/T,A/A,C/C,C/T,A/A,T/T,C/C,CTT/CTT
1366DBVR,C/C,C/T,G/G,G/G,A/A,C/C,G/G,T/T,T/T,G/G,A/A,C/G,C/C,C/C,G/G,C/C,T/T,A/G,C/C,C/C,A/A,T/T,C/C,CTT/CTT
NGBDNA1b,C/C,C/T,G/G,G/G,A/A,C/C,G/G,T/T,T/T,G/G,G/G,G/G,C/C,C/C,G/G,C/C,T/T,A/A,C/C,C/T,A/A,T/T,C/C,CTT/CTT
NGBDNA3,C/C,C/T,G/G,G/G,A/A,C/C,G/G,T/T,T/T,G/G,G/G,G/G,C/C,C/C,G/G,C/C,T/T,A/A,C/C,C/T,A/A,T/T,C/C,CTT/CTT
EV4,C/C,C/T,A/G,G/G,A/A,C/C,G/G,T/T,T/T,G/G,A/A,C/G,C/C,C/C,G/G,C/C,T/T,A/G,C/T,C/C,A/A,T/T,C/C,CTT/CTT
EV4H4C,C/C,C/T,A/G,G/G,A/A,C/C,G/G,T/T,T/T,G/G,A/A,C/G,C/C,C/C,G/G,C/C,T/T,A/G,C/T,C/C,A/A,T/T,C/C,CTT/CTT
NG4HRT,C/C,C/T,G/G,G/G,A/A,C/C,G/G,T/T,T/T,G/G,G/G,G/G,C/C,C/C,G/G,C/C,T/T,A/A,C/C,C/T,A/A,T/T,C/C,CTT/CTT
FG,C/C,C/T,G/G,G/G,A/A,C/C,G/G,T/T,T/T,G/G,A/A,C/G,C/C,C/C,G/G,C/C,T/T,A/G,C/C,C/C,A/A,T/T,C/C,CTT/CTT
FCG,C/C,C/C,G/G,G/G,A/A,C/C,G/G,T/T,T/T,G/G,A/G,G/G,C/C,C/C,G/G,C/C,T/T,A/G,NOAMP,C/C,A/A,T/T,C/C,CTT/CTT
NTC,NOAMP,NOAMP,NOAMP,NOAMP,NOAMP,NOAMP,NOAMP,NOAMP,NOAMP,NOAMP,NOAMP,NOAMP,NOAMP,NOAMP,NOAMP,NOAMP,NOAMP,NOAMP,NOAMP,NOAMP,NOAMP,NOAMP,NOAMP,NOAMP
NG48HRT,C/C,C/T,G/G,G/G,A/A,C/C,G/G,T/T,T/T,G/G,G/G,G/G,C/C,C/C,G/G,C/C,T/T,A/A,C/C,C/T,A/A,T/T,C/C,CTT/CTT
GP1,C/C,C/T,G/G,G/G,A/A,C/C,G/G,T/T,T/T,G/G,A/G,G/G,C/C,C/C,G/G,C/C,T/T,A/A,C/C,C/T,A/A,T/T,C/C,CTT/CTT
FBSB00(2),C/C,NOAMP,NOAMP,G/G,A/A,C/C,G/G,T/T,T/T,G/G,NOAMP,C/G,C/C,C/C,G/G,C/C,NOAMP,NOAMP,NOAMP,C/C,NOAMP,T/T,C/C,CTT/CTT
DU(3),C/C,C/C,G/G,G/G,A/A,C/C,G/G,T/T,T/T,G/G,A/A,G/G,C/C,C/C,G/G,C/C,T/T,A/G,T/T,C/C,A/A,T/T,C/C,CTT/CTT
AM(4),C/C,C/T,G/G,G/G,A/A,C/C,G/G,T/T,T/T,G/G,A/A,C/G,C/C,C/C,G/G,C/C,T/T,A/G,T/T,C/C,A/A,T/T,C/C,CTT/CTT
SB(5),C/C,C/T,G/G,G/G,A/A,C/C,G/G,T/T,T/T,G/G,A/G,C/G,C/C,C/C,G/G,C/C,T/T,A/G,C/C,C/C,A/A,T/T,C/C,CTT/CTT
FBGT00(6),C/C,C/T,G/G,G/G,A/A,C/C,G/G,T/T,T/T,G/G,A/A,C/G,C/C,C/C,G/G,C/C,T/T,A/G,NOAMP,C/C,A/A,T/T,C/C,CTT/CTT
EV(7),C/C,C/T,A/G,G/G,A/A,C/C,G/G,T/T,T/T,G/G,A/A,C/G,C/C,C/C,G/G,C/C,T/T,A/G,C/T,C/C,A/A,T/T,C/C,CTT/CTT
NF,C/C,C/T,A/G,G/G,A/A,C/C,G/G,T/T,T/T,G/G,A/A,G/G,C/C,C/C,G/G,C/C,T/T,A/A,T/T,C/C,A/A,T/T,C/C,CTT/CTT
FG,C/C,C/T,G/G,G/G,A/A,C/C,G/G,T/T,T/T,G/G,A/A,C/G,C/C,C/C,G/G,C/C,T/T,A/G,C/C,C/C,A/A,T/T,C/C,CTT/CTT
FCG,C/C,C/C,G/G,G/G,A/A,C/C,G/G,T/T,T/T,G/G,A/G,G/G,C/C,C/C,G/G,C/C,T/T,A/G,T/T,C/C,A/A,T/T,C/C,CTT/CTT
NTC,NOAMP,NOAMP,NOAMP,NOAMP,NOAMP,NOAMP,NOAMP,NOAMP,NOAMP,NOAMP,NOAMP,NOAMP,NOAMP,NOAMP,NOAMP,NOAMP,NOAMP,NOAMP,NOAMP,NOAMP,NOAMP,NOAMP,NOAMP,NOAMP
NG48HRT,C/C,C/T,G/G,G/G,A/A,C/C,G/G,T/T,T/T,G/G,G/G,G/G,C/C,C/C,G/G,C/C,T/T,A/A,C/C,C/T,A/A,T/T,C/C,CTT/CTT
GP1,C/C,C/T,G/G,G/G,A/A,C/C,G/G,T/T,T/T,G/G,A/G,G/G,C/C,C/C,G/G,C/C,T/T,A/A,C/C,C/T,A/A,T/T,C/C,CTT/CTT
FBSB00(2),C/C,NOAMP,NOAMP,G/G,A/A,C/C,G/G,T/T,T/T,G/G,NOAMP,C/G,C/C,C/C,G/G,C/C,T/T,NOAMP,T/T,C/C,NOAMP,T/T,C/C,CTT/CTT
DU(3),C/C,C/C,G/G,G/G,A/A,C/C,G/G,T/T,T/T,G/G,A/A,G/G,C/C,C/C,G/G,C/C,T/T,A/G,T/T,C/C,A/A,T/T,C/C,CTT/CTT
AM(4),C/C,C/T,G/G,G/G,A/A,C/C,G/G,T/T,T/T,G/G,A/A,C/G,C/C,C/C,G/G,C/C,T/T,A/G,T/T,C/C,A/A,T/T,C/C,CTT/CTT
SB(5),C/C,C/T,G/G,G/G,A/A,C/C,G/G,T/T,T/T,G/G,A/G,C/G,C/C,C/C,G/G,C/C,T/T,A/G,C/C,C/C,A/A,T/T,C/C,CTT/CTT
FBGT00(6),C/C,C/T,G/G,G/G,A/A,C/C,G/G,T/T,T/T,G/G,A/A,C/G,C/C,C/C,G/G,C/C,T/T,A/G,C/C,C/C,A/A,T/T,C/C,CTT/CTT
EV(7),C/C,C/T,A/G,G/G,A/A,C/C,G/G,T/T,T/T,G/G,A/A,C/G,C/C,C/C,G/G,C/C,T/T,A/G,C/T,C/C,A/A,T/T,C/C,CTT/CTT
NF,C/C,C/T,A/G,G/G,A/A,C/C,G/G,T/T,T/T,G/G,A/A,G/G,C/C,C/C,G/G,C/C,T/T,A/A,C/T,C/C,A/A,T/T,C/C,CTT/CTT
