Gene	Allele	Classification
CYP2D6	*1	EM
CYP2D6	*2	EM
CYP2D6	*2A	EM
CYP2D6	*3	PM
CYP2D6	*3B	PM
CYP2D6	*4	PM
CYP2D6	*5	PM
CYP2D6	*6	PM
CYP2D6	*7	PM
CYP2D6	*8	PM
CYP2D6	*9	IM
CYP2D6	*10	IM
CYP2D6	*11	PM
CYP2D6	*12	PM
CYP2D6	*13	PM
CYP2D6	*14	PM
CYP2D6	*14A	PM
CYP2D6	*14B	PM
CYP2D6	*15	PM
CYP2D6	*16	PM
CYP2D6	*17	IM
CYP2D6	*18	PM
CYP2D6	*19	PM
CYP2D6	*20	PM
CYP2D6	*21	PM
CYP2D6	*23	EM
CYP2D6	*27	EM
CYP2D6	*29	IM
CYP2D6	*33	EM
CYP2D6	*35	EM
CYP2D6	*36	IM
CYP2D6	*38	PM
CYP2D6	*39	EM
CYP2D6	*40	PM
CYP2D6	*41	IM
CYP2D6	*42	PM
CYP2D6	*44	PM
CYP2D6	*47	IM
CYP2D6	*48	EM
CYP2D6	*49	IM
CYP2D6	*50	IM
CYP2D6	*51	IM
CYP2D6	*52	IM
CYP2D6	*53	PM
CYP2D6	*54	IM
CYP2D6	*55	IM
CYP2D6	*56	PM
CYP2D6	*57	IM
CYP2D6	*59	IM
CYP2D6	*62	PM
CYP2D6	*68	PM
CYP2D6	*69	IM
CYP2D6	*72	IM
CYP2D6	*92	PM
CYP2D6	*101	PM
CYP2C19	*5	IM
CYP2C19	*8	IM
CYP2C19	*2	PM
CYP2C19	*3	PM
CYP2C19	*4	PM
CYP2C19	*6	PM
CYP2C19	*7	PM
CYP2C19	*17	EM
CYP2C19	*1	IM
